brand,category,dimension10,dimension24,dimension25,dimension26,dimension9,ean,id,name,price
HUAWEI,Informática y telefonía,Smartphones,21.0,InStock,1.99,Móviles y smartphones,6901443231041,1424162,HUAWEI Y5 (18) 5.45P/4G/4N/16GB/B,109.0
HUAWEI,Informática y telefonía,Smartphones,21.0,InStock,1.99,Móviles y smartphones,6901443210831,1391164,"Móvil - Huawei P Smart, 5.65"", Full HD+, Kirin 659, 3 GB RAM, 32 GB, 13 MP + 2 MP, Negro",199.0
SAMSUNG,Informática y telefonía,Smartphones,21.0,InStock,1.99,Móviles y smartphones,8801643330118,1406784,"Móvil - Samsung Galaxy A6+, 6"", FHD+, Octa-Core, 3 GB RAM, 32 GB, Dual 16 MP + 5 MP, Lila",247.0
SAMSUNG,Informática y telefonía,Smartphones,21.0,InStock,1.99,Móviles y smartphones,8801643330552,1406783,"Móvil - Samsung Galaxy A6+, 6"", FHD+, Octa-Core, 3 GB RAM, 32 GB, Dual 16 MP + 5 MP, Negro",247.0
SAMSUNG,Informática y telefonía,Smartphones,21.0,InStock,1.99,Móviles y smartphones,8801643294328,1406845,"Móvil - Samsung Galaxy J6, 5.6"", HD+, 3 GB RAM, 32 GB, Octa-Core, Red 4G, Dorado",171.0
XIAOMI,Informática y telefonía,Smartphones,21.0,InStock,1.99,Móviles y smartphones,8436575530918,1414005,"Móvil - Xiaomi Redmi Note 5, 5.99"", Full HD, 3 GB RAM, 13 MP, Memoria 32 GB, Dual SIM, Negro",179.0
XIAOMI,Informática y telefonía,Smartphones,21.0,InStock,1.99,Móviles y smartphones,6941059609742,1427281,"Móvil - Xiaomi MI A2, 5.99"", 4 GB RAM, 32 GB, Octa-Core Snapdragon 660, Dual SIM, Negro",233.0
HUAWEI,Informática y telefonía,Smartphones,21.0,InStock,1.99,Móviles y smartphones,6901443199785,1381679,"Móvil - Huawei Mate 10 Lite, 5.9"", HD, Kirin 659, 64 GB, 4 GB RAM, 16 MP + 2 MP, Negro",249.0
HUAWEI,Informática y telefonía,Smartphones,21.0,InStock,1.99,Móviles y smartphones,6901443158102,1354092,"Móvil - Huawei P8 Lite 2017, 5.2"", Full HD, Kirin 655, 3 GB RAM, 16 GB, 4G, 12 MP, Negro",169.0
HUAWEI,Informática y telefonía,Smartphones,21.0,InStock,1.99,Móviles y smartphones,6901443199778,1381675,"HUAWEI Móvil - Huawei Mate 10 Lite, 5.9"", HD, Kirin 659, 64 GB, 4 GB RAM, 16 MP + 2 MP, Dorado",230.0
HUAWEI,Informática y telefonía,Smartphones,21.0,InStock,1.99,Móviles y smartphones,6901443217403,1401773,"Móvil - Huawei P20 Lite, FullView 5.84"" Full HD+, Kirin 659, 4 GB RAM, 64 GB, Dual cámara, Negro",299.0
HUAWEI,Informática y telefonía,Smartphones,21.0,InStock,1.99,Móviles y smartphones,6901443217410,1401774,"Móvil - Huawei P20 Lite, FullView 5.84"" Full HD+, Kirin 659, 4 GB RAM, 64 GB, Dual cámara, Azul",299.0
HUAWEI,Informática y telefonía,Smartphones,21.0,InStock,1.99,Móviles y smartphones,6901443210855,1391168,"Móvil - Huawei P Smart, 5.65"", Full HD+, Kirin 659, 3 GB RAM, 32 GB, 13 MP + 2 MP, Oro",189.0
HUAWEI,Informática y telefonía,Smartphones,21.0,InStock,1.99,Móviles y smartphones,6901443223398,1417879,"Móvil - Huawei Y6 2018, 5.7"", HD, IPS, Snapdragon 425, 2 GB RAM, 16 GB, 4G, 13 MP + 8 MP, Dual",149.0
SAMSUNG,Informática y telefonía,Smartphones,21.0,InStock,1.99,Móviles y smartphones,8801643331658,1406782,"Móvil - Samsung Galaxy A6+, 6"", FHD+,Octa-Core, 3 GB RAM, 32 GB, Dual 16 MP + 5 MP, Dorado",247.0
SAMSUNG,Informática y telefonía,Smartphones,21.0,InStock,1.99,Móviles y smartphones,8801643438036,1426782,"Móvil - Samsung Galaxy J6, 5.6"", HD+, 3 GB RAM, 32 GB, Octa-Core, Red 4G, Lavanda",179.0
HUAWEI,Informática y telefonía,Smartphones,21.0,InStock,1.99,Móviles y smartphones,6901443210848,1391167,"Móvil - Huawei P Smart, 5.65"", Full HD+, Kirin 659, 3 GB RAM, 32 GB, 13 MP + 2 MP, Azul",199.0
SAMSUNG,Informática y telefonía,Smartphones,21.0,InStock,1.99,Móviles y smartphones,8801643325176,1406786,"Móvil - Samsung Galaxy A6, 5.6"", HD+, Octa-Core, 3 GB RAM, 32 GB, 16 MP + 16 MP, Negro",199.0
MOTOROLA,Informática y telefonía,Smartphones,21.0,InStock,1.99,Móviles y smartphones,6947681544185,1367744,"Móvil - Motorola Moto E4, 5"", HD, 16 GB, 2 GB RAM, 8 MP, Dorado",99.0
SAMSUNG,Informática y telefonía,Smartphones,21.0,InStock,1.99,Móviles y smartphones,8806088711249,1360792,"Móvil - Samsung Galaxy S8, 5.8"", Octa-Core, 64 GB, 12 MP, Red 4G, Negro",453.0
XIAOMI,Informática y telefonía,Smartphones,21.0,InStock,1.99,Móviles y smartphones,8436575530864,1414003,"Móvil - Xiaomi Redmi Note 5, 5.99"", Full HD, 4 GB RAM, 13 MP, Memoria 64 GB, Dual SIM, Oro",237.0
XIAOMI,Informática y telefonía,Smartphones,21.0,InStock,1.99,Móviles y smartphones,8436575530000,1394744,"Móvil - Xiaomi MI A1, 5.5"", Full HD, 4K, 4G, 32 GB, Octa-Core, Cámara 12 MP, Rojo",179.0
SAMSUNG,Informática y telefonía,Smartphones,21.0,InStock,1.99,Móviles y smartphones,8801643326791,1406785,"Móvil - Samsung Galaxy A6, 5.6"", HD+, Octa-Core, 3 GB RAM, 32 GB, 16 MP + 16 MP, Dorado",199.0
HUAWEI,Informática y telefonía,Smartphones,21.0,InStock,1.99,Móviles y smartphones,6901443199884,1383134,"Móvil - Huawei Mate 10, 5.9"", QHD, Kirin 970, 64 GB, 4 GB RAM, 12 MP + 20 MP, 4K, Negro",479.0
SAMSUNG,Informática y telefonía,Smartphones,21.0,InStock,1.99,Móviles y smartphones,8801643327248,1406787,"Móvil - Samsung Galaxy A6, 5.6"", HD+, Octa-Core, 3 GB RAM, 32 GB, 16 MP + 16 MP, Lila",199.0
XIAOMI,Informática y telefonía,Smartphones,21.0,InStock,1.99,Móviles y smartphones,6941059607861,1427331,"Móvil - Xiaomi Pocophone F1, 6.2"", Full HD+, 6 GB RAM, 128 GB, Cámara 12 + 20 MP, Negro",359.0
SAMSUNG,Informática y telefonía,Smartphones,21.0,InStock,1.99,Móviles y smartphones,8801643556778,1433247,"Móvil - Samsung Galaxy J4+, 6"", 4G, RAM 2 GB, 1.4 GHz, 32 GB, Rosa",189.0
XIAOMI,Informática y telefonía,Smartphones,21.0,InStock,1.99,Móviles y smartphones,8436575530222,1400535,"Móvil - Xiaomi Redmi 5, 5.7"", HD, SnapDragon 450, 2 GB RAM, 16 GB, Cámaras 12 y 5 MP,",159.0
XIAOMI,Informática y telefonía,Smartphones,21.0,InStock,1.99,Móviles y smartphones,8436575530246,1400527,"Móvil - Xiaomi Redmi 5 Plus, 5.99"", Full HD, 3 GB RAM, 32 GB, 12 MP, Dual SIM, Dorado",167.0
HUAWEI,Informática y telefonía,Smartphones,21.0,InStock,1.99,Móviles y smartphones,6901443239597,1422849,"Móvil - Huawei P20, 5.8"" Full HD+, Kirin 970+IA, 4 GB RAM, 128 GB, Doble cámara, Dual SIM, Lila",549.0
XIAOMI,Informática y telefonía,Smartphones,21.0,InStock,1.99,Móviles y smartphones,6941059609766,1427286,"Móvil - Xiaomi MI A2, 5.99"", 4 GB RAM, 32 GB, Octa-Core Snapdragon 660, Dual SIM, Azul",233.0
XIAOMI,Informática y telefonía,Smartphones,21.0,InStock,1.99,Móviles y smartphones,6941059609759,1427284,"Móvil - Xiaomi MI A2, 5.99"", 4 GB RAM, 32 GB, Octa-Core Snapdragon 660, Dual SIM, Oro",249.0
HUAWEI,Informática y telefonía,Smartphones,21.0,InStock,1.99,Móviles y smartphones,6901443214709,1402703,"Móvil - Huawei P20, 5.8"" Full HD+, Kirin 970+IA, 4 GB RAM, 128 GB, Doble cámara, Dual SIM, Azul",549.0
XIAOMI,Informática y telefonía,Smartphones,21.0,InStock,1.99,Móviles y smartphones,6941059609865,1427305,MIA2 5.99P/4G/8N/128GB/B,324.0
SAMSUNG,Informática y telefonía,Smartphones,21.0,InStock,1.99,Móviles y smartphones,8801643512798,1433242,"Móvil - Samsung Galaxy A7, 6"", FHD+, Octa-Core, 4 GB RAM, 64 GB, Triple 24 MP + 5 MP, 8 MP, Negro",349.0
SAMSUNG,Informática y telefonía,Smartphones,21.0,InStock,1.99,Móviles y smartphones,8801643513078,1433240,"Móvil - Samsung Galaxy A7, 6'' FHD+ Super Amoled, Octa Core, 4 GB RAM, 64 GB, 24+8+5 MP, Azul",349.0
HUAWEI,Informática y telefonía,Smartphones,21.0,InStock,1.99,Móviles y smartphones,6901443251100,1432898,"Móvil - Huawei Mate 20 Lite, 6.3"", FHD+, Kirin 710, 64 GB, 4 GB RAM, 24 MP + 2 MP, Azul",399.0
SAMSUNG,Informática y telefonía,Smartphones,21.0,InStock,1.99,Móviles y smartphones,8806088820217,1360794,"Móvil - Samsung Galaxy S8, 5.8"", Octa-Core, 64 GB, 12 MP, Red 4G, Plateado",453.0
HUAWEI,Informática y telefonía,Smartphones,21.0,InStock,1.99,Móviles y smartphones,6901443218394,1402707,"Móvil - Huawei P20 Pro, OLED 6.1 Full HD+, Kirin 970+IA, 6 GB RAM, 128 GB, Triple cámara Leica,",763.0
APPLE,Informática y telefonía,Smartphones,21.0,InStock,1.99,Móviles y smartphones,0190198746207,1405476,"Móvil - Apple iPhone 8 Plus, 5.5"" Full HD, 12 MP + 7 MP, 64 GB, (PRODUCT)RED",770.0
HONOR,Informática y telefonía,Smartphones,21.0,InStock,1.99,Móviles y smartphones,6901443260904,1433659,"Móvil - Honor 8X, JSN L21, 6.5"", 128 GB ROM, 4 GB RAM, 20 MP + 16 MP, Dual SIM, Negro",299.0
XIAOMI,Informática y telefonía,Smartphones,21.0,InStock,1.99,Móviles y smartphones,8436575530901,1414004,"Móvil - Xiaomi Redmi Note 5, 5.99"", Full HD, 3 GB RAM, 13 MP, Memoria 32 GB, Dual SIM, Azul",193.0
HUAWEI,Informática y telefonía,Smartphones,21.0,InStock,1.99,Móviles y smartphones,6901443214693,1402702,"Móvil - Huawei P20, 5.8"" Full HD+, Kirin 970+IA, 4 GB RAM, 128 GB, Doble cámara, Dual SIM, Negro",499.0
APPLE,Informática y telefonía,Smartphones,21.0,InStock,1.99,Móviles y smartphones,0190198457509,1382454,"Móvil - iPhone X, 64 GB, Super Retina de 5.8"", 12 Mpx, Red 4G LTE, Plata",987.0
APPLE,Informática y telefonía,Smartphones,21.0,InStock,1.99,Móviles y smartphones,0190198458582,1382456,"Móvil - iPhone X, 256 GB, Super Retina de 5.8"", 12 MP, Red 4G LTE, Plata",1154.0
XIAOMI,Informática y telefonía,Smartphones,21.0,InStock,1.99,Móviles y smartphones,8436575530895,1414006,"Móvil - Xiaomi Redmi Note 5, 5.99"", Full HD, 3 GB RAM, 13 MP, Memoria 32 GB, Dual SIM, Oro",191.0
SAMSUNG,Informática y telefonía,Smartphones,21.0,InStock,1.99,Móviles y smartphones,8801643428556,1427347,"Móvil - Samsung Galaxy Note 9, 6.4"", QHD+, Exynos 9810 Octa-core, 6 GB RAM, 128 GB, 12 MP + 12 MP,",1009.0
SAMSUNG,Informática y telefonía,Smartphones,21.0,InStock,1.99,Móviles y smartphones,8806088742823,1360793,"Móvil - Samsung Galaxy S8, 5.8"", Octa-Core, 64 GB, 12 MP, Red 4G, Gris orquídea",453.0
XIAOMI,Informática y telefonía,Smartphones,21.0,InStock,1.99,Móviles y smartphones,6941059607786,1427328,"Xiaomi Pocophone F1 15,7 cm (6.18"") 6 GB 64 GB Ranura híbrida Dual SIM 4G Azul 4000 mAh",319.0
XIAOMI,Informática y telefonía,Smartphones,21.0,InStock,1.99,Móviles y smartphones,8436575530932,1427243,"Móvil - Xiaomi Mi Mix 2S, 5.99"" Full HD, 64 GB, 4G, 6 GB RAM, 12MP + 5MP, Blanco",467.0
HUAWEI,Informática y telefonía,Smartphones,21.0,InStock,1.99,Móviles y smartphones,6901443251117,1432897,HUAWEI MATE 20 LITE 6.3P/4G/8N/64GB/B,399.0
APPLE,Informática y telefonía,Smartphones,21.0,InStock,1.99,Móviles y smartphones,0190198458223,1382455,"Móvil - iPhone X, 256 GB, Super Retina de 5.8"", 12 Mpx, Red 4G LTE, Gris espacial",1154.0
APPLE,Informática y telefonía,Smartphones,21.0,InStock,1.99,Móviles y smartphones,0190198293701,1360805,"Móvil - iPhone SE de 32 GB, con red 4G, pantalla retina de 4"" y cámara de 12 mp, Oro",289.0
MOTOROLA,Informática y telefonía,Smartphones,21.0,InStock,1.99,Móviles y smartphones,0723755128873,1434013,"Móvil - Motorola one 5.9"", HD+, 4GB RAM, Android One, 13+8 MP, 64GB, Negro",279.0
XIAOMI,Informática y telefonía,Smartphones,21.0,InStock,1.99,Móviles y smartphones,8436575530871,1414001,"Móvil - Xiaomi Redmi Note 5, 5.99"", Full HD, 4 GB RAM, 13 MP, Memoria 64 GB, Dual SIM, Azul",235.0
SAMSUNG,Informática y telefonía,Smartphones,21.0,InStock,1.99,Móviles y smartphones,8801643468941,1427344,"Móvil - Samsung Galaxy Note 9, 6.4"", QHD+, Exynos 9810 Octa-core, 8 GB RAM, 512 GB, 12 MP + 12 MP,",1259.0
SAMSUNG,Informática y telefonía,Smartphones,21.0,InStock,1.99,Móviles y smartphones,8801643557188,1433246,J4+ 6P/4G/4N/32GB/GD,181.0
HUAWEI,Informática y telefonía,Smartphones,21.0,InStock,1.99,Móviles y smartphones,6901443200894,1383121,"Móvil - Huawei Mate 10, 5.9"", QHD, Kirin 970, 64 GB, 4 GB RAM, 12 MP + 20 MP, 4K, Dorado",599.0
APPLE,Informática y telefonía,Smartphones,21.0,InStock,1.99,Móviles y smartphones,0190198791641,1433030,"Móvil - Apple iPhone Xs, 64 GB, 5.8"" OLED Super Retina HD, A12 Bionic, Dual Cam 12+12 MP, Oro",1101.0
XIAOMI,Informática y telefonía,Smartphones,21.0,InStock,1.99,Móviles y smartphones,6941059610656,1434560,REDMI6A 5.45P/4G/8N/32GB/B,139.0
APPLE,Informática y telefonía,Smartphones,21.0,InStock,1.99,Móviles y smartphones,0190198294258,1360806,"Móvil - iPhone SE de 32 GB, con red 4G, pantalla retina de 4"" y cámara de 12 mp, Oro rosa",289.0
SAMSUNG,Informática y telefonía,Smartphones,21.0,InStock,1.99,Móviles y smartphones,8801643503604,1433249,J6+ 6P/4G/4N/32GB/G,229.0
APPLE,Informática y telefonía,Smartphones,21.0,InStock,1.99,Móviles y smartphones,0190198067685,1339998,"Móvil - iPhone 7, 32GB, Red 4G LTE, Pantalla Retina HD de 4.7"", 12 Mpx, Dorado",514.0
XIAOMI,Informática y telefonía,Smartphones,21.0,InStock,1.99,Móviles y smartphones,6941059609889,1427310,MIA2 5.99P/4G/8N/128GB/BL,324.0
SAMSUNG,Informática y telefonía,Smartphones,21.0,InStock,1.99,Móviles y smartphones,8801643294007,1406846,"Móvil - Samsung Galaxy J6, 5.6"", HD+, 3 GB RAM, 32 GB, Octa-Core, Red 4G, Negro",171.0
BQ,Informática y telefonía,Smartphones,21.0,OutOfStock,1.99,Móviles y smartphones,8434663009292,1409782,"Móvil - BQ Aquaris X2, 5.65"", Full HD+, Snapdragon 636, 3 GB RAM, 32 GB, 4G, 12 MP, Huella",279.0
MOTOROLA,Informática y telefonía,Smartphones,21.0,InStock,1.99,Móviles y smartphones,0723755018679,1407517,"Móvil - Motorola Moto G6 Play, 5.7"", HD+, Qualcomm Snapdragon 430, 3GB RAM, 32GB, Cámara 13MP +",193.0
XIAOMI,Informática y telefonía,Smartphones,21.0,InStock,1.99,Móviles y smartphones,6941059608721,1434984,MIA2LITE 5.84P/4G/8N/32GB/B,179.0
APPLE,Informática y telefonía,Smartphones,21.0,InStock,1.99,Móviles y smartphones,0190198457141,1382453,"Móvil - iPhone X, 64 GB, Super Retina de 5.8"", 12 Mpx, Red 4G LTE, Gris espacial",987.0
SAMSUNG,Informática y telefonía,Smartphones,21.0,InStock,1.99,Móviles y smartphones,8806088738437,1360796,"Móvil - Samsung Galaxy S8+, 6.2"", QHD+, Octa-Core, 4 GB RAM, Red 4G, 12 MP, 64 GB, Gris",547.0
BQ,Informática y telefonía,Smartphones,21.0,InStock,1.99,Móviles y smartphones,8435439899703,1378857,AQ.V PLUS (4+64) 5.5P/DS/4G/8N/64GB/B,239.0
APPLE,Informática y telefonía,Smartphones,21.0,InStock,1.99,Móviles y smartphones,0190198783172,1433038,"Móvil - Apple iPhone Xs Max, 64 GB, 6.5"" OLED Super Retina HD, A12 Bionic, 12+12 MP, Gris espacial",1198.0
APPLE,Informática y telefonía,Smartphones,21.0,InStock,1.99,Móviles y smartphones,0190198057990,1340268,"Móvil - Apple iPhone 6S de 32GB con red 4G, pantalla retina HD de 4,7"" y cámara 12 mp, Oro",399.0
XIAOMI,Informática y telefonía,Smartphones,21.0,InStock,1.99,Móviles y smartphones,6941059610649,1434559,"Móvil - Xiaomi Redmi 6A, 5.45"" Full HD+, Helio A22, 16 GB, 2 GB RAM, 13 MP, 4G, 3000 mAh, Negro",119.0
BQ,Informática y telefonía,Smartphones,21.0,InStock,1.99,Móviles y smartphones,8435439899567,1378852,"Móvil - BQ Aquaris V, 5.2"", HD, 32 GB, 4G, 3 GB RAM, 12 MP, Huella dactilar, Negro",189.0
SAMSUNG,Informática y telefonía,Smartphones,21.0,InStock,1.99,Móviles y smartphones,8806088818177,1360797,"Móvil - Samsung Galaxy S8+, 6.2"", QHD+, Octa-Core, 4 GB RAM, Red 4G, 12 MP, 64 GB, Plata",547.0
BQ,Informática y telefonía,Smartphones,21.0,InStock,1.99,Móviles y smartphones,8434663009414,1391957,"Móvil - BQ Aquaris U2, 5.2"", HD, Dual SIM, 4G, Octa-Core, 32GB, Cámara 13MP, negro",177.0
APPLE,Informática y telefonía,Smartphones,21.0,InStock,1.99,Móviles y smartphones,0190198784872,1433046,"Móvil - Apple iPhone Xs Max, 256 GB, 6.5"" OLED Super Retina HD, A12 Bionic, 12+12 MP, Oro",1357.0
BQ,Informática y telefonía,Smartphones,21.0,InStock,1.99,Móviles y smartphones,8435439899574,1398190,"Móvil - BQ Aquaris V, 5.2&#39;&#39;, 32 GB, 4G, 3 GB RAM, 12 Mpx, Huella dactilar, HD, Blanco y",189.0
XIAOMI,Informática y telefonía,Smartphones,21.0,InStock,1.99,Móviles y smartphones,6941059607878,1427330,"Xiaomi Pocophone F1 15,7 cm (6.18"") 6 GB 128 GB Ranura híbrida Dual SIM 4G Azul 4000 mAh",359.0
APPLE,Informática y telefonía,Smartphones,21.0,InStock,1.99,Móviles y smartphones,0190198543912,1376792,"Móvil - iPhone 7 PLUS de 32GB, pantalla Retina HD de 5.5"" y doble cámara, Negro brillante",626.0
SAMSUNG,Informática y telefonía,Smartphones,21.0,InStock,1.99,Móviles y smartphones,8801643193812,1398571,"Móvil - Samsung Galaxy S9+, 6.2, Curva Super AMOLED, Octa-Core, 64 GB, 6 GB RAM, Cámara Dual 12",829.0
XIAOMI,Informática y telefonía,Smartphones,21.0,InStock,1.99,Móviles y smartphones,6941059609780,1427295,"Móvil - Xiaomi Mi A2, 5.99"", Octa-Core 4x2.2 GHz y 4x1.8 GHz, 4 GB RAM, Almacenamiento 64 GB, Negro",259.0
XIAOMI,Informática y telefonía,Smartphones,21.0,InStock,1.99,Móviles y smartphones,6941059608691,1427323,"Móvil - Xiaomi Mi A2 Lite, 5.84"", 4 GB RAM ,64 GB, Huella digital, Negro",228.0
HONOR,Informática y telefonía,Smartphones,21.0,InStock,1.99,Móviles y smartphones,6901443210916,1397100,"Móvil - Honor 9 Lite, 5.65"", 32GB, 4 cámaras, 13 + 2 MP, RAM 3GB, Pantalla infinita Full HD+,",199.0
APPLE,Informática y telefonía,Smartphones,21.0,InStock,1.99,Móviles y smartphones,0190198156440,1339993,"Móvil - iPhone 7 PLUS de 32GB, pantalla Retina HD de 5.5"" y doble cámara, plata",626.0
APPLE,Informática y telefonía,Smartphones,21.0,InStock,1.99,Móviles y smartphones,0190198157164,1339995,"Móvil - iPhone 7 PLUS de 32GB, pantalla Retina HD de 5.5"" y doble cámara, Rosa dorado",626.0
SAMSUNG,Informática y telefonía,Smartphones,21.0,InStock,1.99,Móviles y smartphones,8806088709857,1360795,"Móvil - Samsung Galaxy S8+, 6.2"", QHD+, Octa-Core, 4 GB RAM, Red 4G, 12 MP, 64 GB, Negro",547.0
XIAOMI,Informática y telefonía,Smartphones,21.0,InStock,1.99,Móviles y smartphones,6941059608738,1434983,MIA2LITE 5.84P/4G/8N/32GB/BL,179.0
HUAWEI,Informática y telefonía,Smartphones,21.0,InStock,1.99,Móviles y smartphones,6901443214655,1402705,"Móvil - Huawei P20 Pro, OLED 6.1"" Full HD+, Kirin 970+IA, 6 GB RAM, 128 GB, Triple cámara Leica,",763.0
HUAWEI,Informática y telefonía,Smartphones,21.0,InStock,1.99,Móviles y smartphones,6901443262434,1434220,"Móvil - Huawei Mate 20 Pro, 6.39”, AMOLED, 6GB RAM, 128 GB, Kirin 980, Triple cam: 40+20+8 MP, Azul",1049.0
SAMSUNG,Informática y telefonía,Smartphones,21.0,InStock,1.99,Móviles y smartphones,8801643193782,1398572,"Móvil - Samsung Galaxy S9+, 6.2"", Curva Super AMOLED, Octa-Core, 64 GB, 6 GB RAM, Cámara",829.0
HONOR,Informática y telefonía,Smartphones,21.0,InStock,1.99,Móviles y smartphones,6901443231539,1418694,"Móvil - Honor 10, 5.84"", 128 GB ROM, 4 GB RAM, 24 MP + 16 MP, Dual IA, Azul",399.0
HONOR,Informática y telefonía,Smartphones,21.0,InStock,1.99,Móviles y smartphones,6901443210947,1397296,"Móvil - Honor View 10, 5.99"", 6 GB RAM, 128 GB ROM, Cámara doble lente 20 + 16 MP, Azul",420.0
APPLE,Informática y telefonía,Smartphones,21.0,InStock,1.99,Móviles y smartphones,0190198156808,1339994,"Móvil - iPhone 7 PLUS de 32GB, pantalla Retina HD de 5.5"" y doble cámara, Dorado",626.0
APPLE,Informática y telefonía,Smartphones,21.0,InStock,1.99,Móviles y smartphones,0190198062116,1340198,"Móvil - Apple iPhone 6S Plus, 5.5"", 32GB, Red 4G, Oro rosa",539.0
NOKIA,Informática y telefonía,Smartphones,21.0,InStock,1.99,Móviles y smartphones,6438409013835,1404166,"Móvil - Nokia 6.1, 5.5"", Full HD, IPS, Snapdragon 630, 3 GB RAM, 32 GB, 16 MP + 8 MP, Vídeo 4K,",209.0
HUAWEI,Informática y telefonía,Smartphones,21.0,InStock,1.99,Móviles y smartphones,6901443250509,1427900,"Móvil - Huawei P Smart Plus, 6.3"", 4 GB RAM, 64 GB, Dual Cam 16 + 2 MP, Negro",289.0
ALCATEL,Informática y telefonía,Smartphones,21.0,InStock,1.99,Móviles y smartphones,4894461751344,1409184,"Móvil - Alcatel 3C, 6"", DS, 3G, Quad Core, 16 GB, 8 MP, Azul",109.0
SAMSUNG,Informática y telefonía,Smartphones,21.0,InStock,1.99,Móviles y smartphones,8801643428389,1434051,"Móvil - Samsung Galaxy Note 9, 6.4"", QHD+, Exynos 9810 Octa-core, 6 GB RAM, 128 GB, 12MP+12MP, Lila",1009.0
APPLE,Informática y telefonía,Smartphones,21.0,InStock,1.99,Móviles y smartphones,0190198445438,1363219,"Móvil - Apple iPhone 6, 4.7"", HD, 32 GB, 8 MP, Red 4G, Gris",386.0
SAMSUNG,Informática y telefonía,Smartphones,21.0,InStock,1.99,Móviles y smartphones,8801643193942,1398570,"Móvil - Samsung Galaxy S9+, 6.2"", Curva Super AMOLED, Octa-Core, 64 GB, 6 GB RAM, Cámara Dual 12",829.0
APPLE,Informática y telefonía,Smartphones,21.0,InStock,1.99,Móviles y smartphones,0190198068767,1340006,"Móvil - iPhone 7 de 128GB con red 4G LTE, pantalla Retina HD de 4.7"" y cámara gran angular de 12",639.0
APPLE,Informática y telefonía,Smartphones,21.0,InStock,1.99,Móviles y smartphones,0190198156082,1339992,"Móvil - iPhone 7 PLUS de 32GB, pantalla Retina HD de 5.5"" y doble cámara, Negro",626.0
APPLE,Informática y telefonía,Smartphones,21.0,InStock,1.99,Móviles y smartphones,0190198068408,1340004,"Móvil - iPhone 7, 128GB, Red 4G LTE, Pantalla Retina HD 4.7"", Cámara gran angular 12 Mpx, Negro",639.0
NOKIA,Informática y telefonía,Smartphones,21.0,InStock,1.99,Móviles y smartphones,6438409013538,1404167,"Móvil - Nokia 7 Plus, 6"", Full HD+, Qualcomm Snapdragon 660, 4 GB RAM, 64 GB, 12 MP + 13 MP, 16",399.0
HUAWEI,Informática y telefonía,Smartphones,21.0,InStock,1.99,Móviles y smartphones,6901443250523,1427901,"Móvil - Huawei P Smart Plus, 6.3"", 4 GB RAM, 64 GB, Dual Cam 16 + 2 MP, Violeta",289.0
APPLE,Informática y telefonía,Smartphones,21.0,InStock,1.99,Móviles y smartphones,0190198784537,1433044,"Móvil - Apple iPhone Xs Max, 256 GB, 6.5"" OLED Super Retina HD, A12 Bionic, 12+12 MP, Plata",1357.0
ALCATEL,Informática y telefonía,Smartphones,21.0,InStock,1.99,Móviles y smartphones,4894461761749,1416433,"Móvil - Alcatel 1C, 5.3"", Dual Sim, Mediatek MT6580M, 16 GB, 13 MP + 8 MP, Dorado",84.99
MOTOROLA,Informática y telefonía,Smartphones,21.0,InStock,1.99,Móviles y smartphones,0723755127753,1434034,"Móvil - Motorola Moto E5 Play 5.3"", 4G, Lector de Huellas, 8MP+5MP, 16GB, Negro",99.0
BQ,Informática y telefonía,Smartphones,21.0,InStock,1.99,Móviles y smartphones,8434663011820,1409785,"Móvil - BQ Aquaris X2 Pro, 5.65"", Full HD+, Snapdragon 660, 4 GB RAM, 64 GB, 4G, Dual Camera 12 MP",349.0
SAMSUNG,Informática y telefonía,Smartphones,21.0,InStock,1.99,Móviles y smartphones,8801643195106,1398567,"Móvil - Samsung Galaxy S9, 5.8"", Curva Super AMOLED, Octa-Core, 64 GB, 4 GB RAM, 12 MP +",729.0
MOTOROLA,Informática y telefonía,Smartphones,21.0,InStock,1.99,Móviles y smartphones,6947681553217,1375394,"Móvil - Motorola Moto G5S Plus, 5.5"", Full HD, 8 Núcleos, 3 GB RAM, 32 GB, 13 MP + 8 MP, Dorado",179.0
MOTOROLA,Informática y telefonía,Smartphones,21.0,InStock,1.99,Móviles y smartphones,6947681551954,1375393,"Móvil - Motorola Moto G5S Plus, 5.5"", Full HD, 8 Núcleos, 3 GB RAM, 32 GB ROM, 13MP + 8 MP, Gris",179.0
RAZER,Informática y telefonía,Smartphones,21.0,InStock,1.99,Móviles y smartphones,8886419356684,1423898,"Móvil gaming - Razer Phone, 5.7"", Qualcomm Snapdragon 835, 8 GB RAM, 64 GB, 120 Hz, UltraMotion,",779.0
APPLE,Informática y telefonía,Smartphones,21.0,InStock,1.99,Móviles y smartphones,0190198783851,1433041,"Móvil - Apple iPhone Xs Max, 64 GB, 6.5"" OLED Super Retina HD, A12 Bionic, 12+12 MP, Oro",1198.0
SAMSUNG,Informática y telefonía,Smartphones,21.0,InStock,1.99,Móviles y smartphones,8801643375560,1422262,GALS9 5.8P/4G/8N/64GB/GD,729.0
MOTOROLA,Informática y telefonía,Smartphones,21.0,InStock,1.99,Móviles y smartphones,0723755018730,1407518,"Móvil - Motorola Moto G6 Play, 5.7"", HD+, Qualcomm Snapdragon 430, 3GB RAM, 32GB, Cámara 13MP +",199.0
APPLE,Informática y telefonía,Smartphones,21.0,InStock,1.99,Móviles y smartphones,0190198790965,1433028,"Móvil - Apple iPhone Xs, 64 GB, 5.8"" OLED Super Retina HD, A12 Bionic, Dual 12+12 MP, Gris espacial",1101.0
APPLE,Informática y telefonía,Smartphones,21.0,InStock,1.99,Móviles y smartphones,0190198454508,1376800,"Móvil - Apple iPhone 8 Plus, 5.5"" Full HD, Cámara 12MPx + 7MPx, 64 GB, Plata",770.0
APPLE,Informática y telefonía,Smartphones,21.0,InStock,1.99,Móviles y smartphones,0190198770509,1433009,"Móvil - Apple iPhone XR, 64 GB, Liquid Retina HD 6.1”, A12 Bionic, 12 MP f/1.8 HDR, 4K, IP67, Negro",859.0
MOTOROLA,Informática y telefonía,Smartphones,21.0,InStock,1.99,Móviles y smartphones,0723755121874,1409664,"Móvil - Motorola Moto E5, 5.7"", HD+, Qualcomm Snapdragon 425, 2GB RAM, 16GB, Cámara 13MP + 5MP,",149.0
APPLE,Informática y telefonía,Smartphones,21.0,InStock,1.99,Móviles y smartphones,0190198784193,1433042,"Móvil - Apple iPhone Xs Max, 256 GB, 6.5"" OLED Super Retina HD, A12 Bionic, 12+12 MP, Gris espacial",1357.0
BQ,Informática y telefonía,Smartphones,21.0,InStock,1.99,Móviles y smartphones,8434663009308,1409784,"Móvil - BQ Aquaris X2 Pro, 5.65"", Full HD+, Snapdragon 660, 4 GB RAM, 64 GB, 4G,Dual Camera 12 MP",349.0
ALCATEL,Informática y telefonía,Smartphones,21.0,InStock,1.99,Móviles y smartphones,4894461760582,1418091,"Móvil - Alcatel 1X, 5.3"", Mediatek MT6739, RAM 2 GB, Capacidad 16 GB, 13 MP + 8 MP, Vídeos Full",101.0
ALCATEL,Informática y telefonía,Smartphones,21.0,InStock,1.99,Móviles y smartphones,4894461761558,1423353,"Móvil - Alcatel 3X, 5.7 pulgadas, 4 G, 32GB, 3 G, 13+5 Mpx, 5 Mpx, Quad-Core, Negro",159.0
LG ELECTRONICS,Informática y telefonía,Smartphones,21.0,InStock,1.99,Móviles y smartphones,8806087019575,1433517,"Móvil - LG K10 2017, 5.3"" HD, 13 Mpx, 2 GB RAM, Memoria de 16 GB, Negro",139.0
APPLE,Informática y telefonía,Smartphones,21.0,InStock,1.99,Móviles y smartphones,0190198451569,1376795,"Móvil - iPhone 8, 64GB, Red 4G LTE, Pantalla Retina HD de 4.7"", 12 Mpx, Dorado",654.0
XIAOMI,Informática y telefonía,Smartphones,21.0,InStock,1.99,Móviles y smartphones,6941059606055,1427271,"Xiaomi Redmi 6 13,8 cm (5.45"") 3 GB 32 GB SIM doble 4G Azul 3000 mAh",159.0
APPLE,Informática y telefonía,Smartphones,21.0,InStock,1.99,Móviles y smartphones,0190198771186,1433011,"Móvil - Apple iPhone XR, 64 GB, Liquid Retina HD 6.1”, A12 Bionic, 12 MP f/1.8 HDR, 4K, IP67, Rojo",859.0
APPLE,Informática y telefonía,Smartphones,21.0,InStock,1.99,Móviles y smartphones,0190198783516,1433039,"Móvil - Apple iPhone Xs Max, 64 GB, 6.5"" OLED Super Retina HD, A12 Bionic, 12+12 MP, Plata",1198.0
APPLE,Informática y telefonía,Smartphones,21.0,InStock,1.99,Móviles y smartphones,0190198785213,1433049,"Móvil - Apple iPhone Xs Max, 512 GB, 6.5"" OLED Super Retina HD, A12 Bionic, 12+12 MP, Gris espacial",1576.0
APPLE,Informática y telefonía,Smartphones,21.0,InStock,1.99,Móviles y smartphones,0190198772541,1433015,"Móvil - Apple iPhone XR, 128 GB, Liquid Retina HD 6.1”, A12 Bionic, 12 MP f/1.8 HDR, 4K, IP67, Negro",919.0
HUAWEI,Informática y telefonía,Smartphones,21.0,InStock,1.99,Móviles y smartphones,6901443222155,1435630,Y7 (18) 5.99P/4G/4N/16GB/BL,159.0
BQ,Informática y telefonía,Smartphones,21.0,InStock,1.99,Móviles y smartphones,8435439899628,1378858,"Móvil - BQ Aquaris U2, 5.2"", Full HD, Dual SIM, 4G, Snapdragon 430, 16 GB, Cámara 13 MP, negro",159.0
SONY,Informática y telefonía,Smartphones,21.0,InStock,1.99,Móviles y smartphones,7311271613466,1401425,"Móvil - Sony Xperia XZ2, 5.7"", Full HD+, 4K, HDR, Snapdragon 845, 4 GB RAM, 64 GB, 19 MP",599.0
SAMSUNG,Informática y telefonía,Smartphones,21.0,InStock,1.99,Móviles y smartphones,8801643195182,1398569,"Móvil - Samsung Galaxy S9, 5.8"", Curva Super AMOLED, Octa-Core, 64 GB, 4 GB RAM, 12 MP +",729.0
APPLE,Informática y telefonía,Smartphones,21.0,InStock,1.99,Móviles y smartphones,0190198744630,1405475,"Móvil - iPhone 8, 256 GB, Red 4G LTE, Pantalla Retina HD de 4.7"", 12 MP, (PRODUCT)RED",816.0
ALCATEL,Informática y telefonía,Smartphones,21.0,InStock,1.99,Móviles y smartphones,4894461751351,1409186,"Móvil - Alcatel 3C, 6"", DS, 3G, Quad Core, 16 GB, 8 MP, Blanco",109.99
MOTOROLA,Informática y telefonía,Smartphones,21.0,InStock,1.99,Móviles y smartphones,0723755126831,1407516,"Móvil - Motorola Moto G6, 5.7"", Full HD+, 8 Núcleos, 3GB RAM, 32GB ROM, Cámara 12 MP + 8 MP, Negro",249.0
ALCATEL,Informática y telefonía,Smartphones,21.0,InStock,1.99,Móviles y smartphones,4894461761565,1423354,"Móvil - Alcatel 3X, 5.7 pulgadas, 4 G, 32GB, 3 G, 13+5 Mpx, 5 Mpx, Quad-Core, Azul",159.0
APPLE,Informática y telefonía,Smartphones,21.0,InStock,1.99,Móviles y smartphones,0190198452702,1376797,"Móvil - Apple iPhone 8, 256GB, Red 4G LTE, Pantalla Retina HD de 4.7"", 12 Mpx, Plata",816.0
HONOR,Informática y telefonía,Smartphones,21.0,InStock,1.99,Móviles y smartphones,6901443260942,1433660,"Móvil - Honor 8X, JSN L21, 6.5"", 128 GB ROM, 4 GB RAM, 20 MP + 16 MP, Dual SIM, Azul",299.0
XIAOMI,Informática y telefonía,Smartphones,21.0,InStock,1.99,Móviles y smartphones,6941059608707,1427322,"Móvil - Xiaomi Mi A2 Lite, 5.84"", 4 GB RAM ,64 GB, Huella digital, Azul",229.0
MOTOROLA,Informática y telefonía,Smartphones,21.0,InStock,1.99,Móviles y smartphones,0723755120242,1409663,"Móvil - Motorola Moto E5 Plus, 6"", HD+, 2 GB RAM, 16 GB ROM, Cámara 12 MP + 5 MP, 5000 mAh, Gris",164.0
APPLE,Informática y telefonía,Smartphones,21.0,InStock,1.99,Móviles y smartphones,0190198772206,1433016,"Móvil - Apple iPhone XR, 64 GB, Liquid Retina HD 6.1”, A12 Bionic, 12 MP f/1.8 HDR, 4K, IP67, Azul",859.0
XIAOMI,Informática y telefonía,Smartphones,21.0,InStock,1.99,Móviles y smartphones,6941059609797,1427298,"Móvil - Xiaomi Mi A2, 5.99"", Octa-Core, 4 GB RAM, 64 GB, Dorado",269.0
SAMSUNG,Informática y telefonía,Smartphones,21.0,InStock,1.99,Móviles y smartphones,8801643503666,1433250,J6+ 6P/4G/4N/32GB/B,239.0
HONOR,Informática y telefonía,Smartphones,21.0,InStock,1.99,Móviles y smartphones,6901443210930,1397297,"Móvil - Honor View 10, 5.99"", 6 GB RAM, 128 GB ROM, Cámara doble lente 20 + 16 MP, Negro",421.0
MOTOROLA,Informática y telefonía,Smartphones,21.0,InStock,1.99,Móviles y smartphones,0723755120235,1409662,"Móvil - Motorola Moto E5 Plus, 6"", HD+, 2 GB RAM, 16 GB ROM, Cámara 12 MP + 5 MP, 5000 mAh, Dorado",169.0
XIAOMI,Informática y telefonía,Smartphones,21.0,InStock,1.99,Móviles y smartphones,8436575530178,1396724,"Móvil - Xiaomi Mi Mix 2 SE, 5.99"" Full HD, 4G, 128 GB, 8 GB RAM, 12MP + 5MP, Blanco",572.0
SAMSUNG,Informática y telefonía,Smartphones,21.0,InStock,1.99,Móviles y smartphones,8801643503673,1433251,"Móvil - Samsung Galaxy J6+, 6"", True HD+ Infinity, 3 GB RAM, 32 GB, Dual cámara 13 + 5 MP,  Rojo",239.0
ALCATEL,Informática y telefonía,Smartphones,21.0,InStock,1.99,Móviles y smartphones,4894461762876,1418106,"Móvil - Alcatel 1X, 5.3"", Mediatek MT6739, RAM 2 GB, Capacidad 16 GB, 13 MP + 8 MP, V",109.99
OPPO,Informática y telefonía,Smartphones,21.0,InStock,1.99,Móviles y smartphones,6944284628786,1426486,"R15 PRO 6,28P/4G/DS/8N/128GB/V",549.0
ALCATEL,Informática y telefonía,Smartphones,21.0,InStock,1.99,Móviles y smartphones,4894461766089,1421846,"Móvil - Alcatel 3L, 5.5"", 4G, Quad Core, 2 GB RAM, 16 GB, 13 MP, Negro",119.0
APPLE,Informática y telefonía,Smartphones,21.0,InStock,1.99,Móviles y smartphones,0190198453068,1376798,"Móvil - iPhone 8, 256GB, Red 4G LTE, Pantalla Retina HD de 4.7"", 12 Mpx, Dorado",816.0
SONY,Informática y telefonía,Smartphones,21.0,InStock,1.99,Móviles y smartphones,7311271597469,1380754,"Móvil - Sony Xperia XA1 Plus, 5.5"", Full HD, Mediatek Helio P20, 4 GB RAM, 32 GB, 4G, 23 MP + 8",229.0
ZTE,Informática y telefonía,Smartphones,21.0,InStock,1.99,Móviles y smartphones,6902176018275,1366589,"Móvil - ZTE A910, 5.5"", Red 4G, 4 núcleos, Memoria 16GB, Dorado",159.0
HUAWEI,Informática y telefonía,Smartphones,21.0,InStock,1.99,Móviles y smartphones,6901443223411,1417880,"Móvil - Huawei Y6 2018, 5.7"", HD, IPS, Snapdragon 425, 2 GB RAM, 16 GB, 4G, 13 MP + 8 MP, Dual",149.0
APPLE,Informática y telefonía,Smartphones,21.0,InStock,1.99,Móviles y smartphones,0190198785558,1433052,"Móvil - Apple iPhone Xs Max, 512 GB, 6.5"" OLED Super Retina HD, A12 Bionic, 12+12 MP, Plata",1576.0
APPLE,Informática y telefonía,Smartphones,21.0,InStock,1.99,Móviles y smartphones,0190198792327,1433032,"Móvil - Apple iPhone Xs, 256 GB, 5.8"" OLED Super Retina HD, A12 Bionic, Dual Cam 12+12 MP, Plata",1314.0
APPLE,Informática y telefonía,Smartphones,21.0,InStock,1.99,Móviles y smartphones,0190198791986,1433031,"Móvil - Apple iPhone Xs, 256 GB, 5.8"" OLED Super Retina HD, A12 Bionic, Dual 12+12 MP, Gris espacial",1314.0
XIAOMI,Informática y telefonía,Smartphones,21.0,InStock,1.99,Móviles y smartphones,6941059608813,1427326,"Xiaomi Mi 8 15,8 cm (6.21"") 6 GB 128 GB SIM doble 4G Azul 3400 mAh",549.0
APPLE,Informática y telefonía,Smartphones,21.0,InStock,1.99,Móviles y smartphones,0190198791306,1433029,"Móvil - Apple iPhone Xs, 64 GB, 5.8"" OLED Super Retina HD, A12 Bionic, Dual Cam 12+12 MP, Plata",1101.0
MOTOROLA,Informática y telefonía,Smartphones,21.0,InStock,1.99,Móviles y smartphones,0723755126824,1429919,"Móvil - Motorola Moto G6, 5.7"", Full HD+, 8 Núcleos, 3GB RAM, 32GB ROM, Cámara 12 MP + 8 MP, Plata",249.0
SONY,Informática y telefonía,Smartphones,21.0,InStock,1.99,Móviles y smartphones,7311271587866,1362897,"Móvil - Sony XPERIA L1, 5.5"", Red 4G, 4 núcleos, Capacidad 16GB, Cámara de 13 MP, Blanco",149.0
APPLE,Informática y telefonía,Smartphones,21.0,InStock,1.99,Móviles y smartphones,0190198785893,1433053,"Móvil - Apple iPhone Xs Max, 512 GB, 6.5"" OLED Super Retina HD, A12 Bionic, 12+12 MP, Oro",1576.0
HUAWEI,Informática y telefonía,Smartphones,21.0,InStock,1.99,Móviles y smartphones,6901443222148,1435629,Y7 (18) 5.99P/4G/4N/16GB/B,159.0
XIAOMI,Informática y telefonía,Smartphones,21.0,InStock,1.99,Móviles y smartphones,6941059608714,1434985,"Móvil - Xiaomi Mi A2 Lite, 5.84'' HD+, Qualcom Snapdragon 625, 32 GB, 3 GB RAM, 12 MP, 4G, Dorado",179.0
APPLE,Informática y telefonía,Smartphones,21.0,InStock,1.99,Móviles y smartphones,0190198772886,1433017,"Móvil - Apple iPhone XR, 128 GB, Liquid Retina HD 6.1”, A12 Bionic, 12MP f/1.8 HDR, 4K, IP67, Blanco",919.0
LG ELECTRONICS,Informática y telefonía,Smartphones,21.0,InStock,1.99,Móviles y smartphones,8806087031942,1422409,"Móvil - LG Q7, 5.5"", Full HD, MediaTek 6750S, 3 GB RAM, 16 MP + 8 MP, Azul",259.0
LG ELECTRONICS,Informática y telefonía,Smartphones,21.0,InStock,1.99,Móviles y smartphones,8806087021295,1360878,"Móvil - LG G6, Pantalla 5.7"" QHD+, Cámara 13 MP Dual, 4 GB RAM, Memoria de 32 GB, Negro Astral",399.0
SAMSUNG,Informática y telefonía,Smartphones,21.0,InStock,1.99,Móviles y smartphones,8801643557157,1433248,"Móvil - Samsung Galaxy J4+, 6"", True HD+ Infinity, 2 GB RAM, 32 GB, 13 MP, Negro",181.0
APPLE,Informática y telefonía,Smartphones,21.0,InStock,1.99,Móviles y smartphones,0190198774583,1433022,"Móvil - Apple iPhone XR, 256 GB, Liquid Retina HD 6.1”, A12 Bionic, 12 MP f/1.8 HDR, 4K, IP67, Negro",1029.0
APPLE,Informática y telefonía,Smartphones,21.0,InStock,1.99,Móviles y smartphones,0190198771865,1433014,"Móvil - Apple iPhone XR, 64 GB, Liquid Retina HD 6.1”, A12 Bionic, 12 MP f/1.8 HDR, 4K, IP67, Coral",859.0
SONY,Informática y telefonía,Smartphones,21.0,InStock,1.99,Móviles y smartphones,7311271612834,1401405,"Móvil - Sony Xperia XZ2, 5.7"", Full HD+, 4K, HDR, Snapdragon 845, 4 GB RAM, 64 GB, 19 MP",599.0
APPLE,Informática y telefonía,Smartphones,21.0,InStock,1.99,Móviles y smartphones,0190198770844,1433010,"Móvil - Apple iPhone XR, 64 GB, Liquid Retina HD 6.1”, A12 Bionic, 12 MP f/1.8 HDR, 4K, IP67, Blanco",859.0
SONY,Informática y telefonía,Smartphones,21.0,InStock,1.99,Móviles y smartphones,7311271605454,1399651,"Móvil - Sony Xperia XA2, 5.2"" Full HD, RAM 3 GB, 32 GB, Cámara 23 MP, Vídeo 4K, Plata",279.0
HUAWEI,Informática y telefonía,Smartphones,21.0,InStock,1.99,Móviles y smartphones,6901443262427,1434219,"Móvil - Huawei Mate 20 Pro, 6.39”, AMOLED, 6GB RAM, 128 GB, Kirin 980, Triple cam: 40+20+8 MP, Negro",1049.0
SONY,Informática y telefonía,Smartphones,21.0,InStock,1.99,Móviles y smartphones,7311271597452,1380752,"Móvil - Sony Xperia XA1 Plus, 5.5"", Full HD, Mediatek Helio P20, 4 GB RAM, 32 GB, 4G, 23 MP + 8",229.0
HONOR,Informática y telefonía,Smartphones,21.0,InStock,1.99,Móviles y smartphones,6901443249718,1435973,"Móvil - Honor 7A Premium, 5.7"", 4G, 8N, 32 GB, Octa Core, Azul",159.0
XIAOMI,Informática y telefonía,Smartphones,21.0,InStock,1.99,Móviles y smartphones,6941059608837,1427324,"Móvil - Xiaomi Mi 8, 6.21"", 6 GB RAM, 64 GB, Dual SIM, 4G, 3400 mAh, Azul",499.0
ALCATEL,Informática y telefonía,Smartphones,21.0,InStock,1.99,Móviles y smartphones,4894461751337,1409183,"Móvil - Alcatel 3C, 6"", DS, 3G, Quad Core, 16 GB, 8 MP, Negro",109.99
APPLE,Informática y telefonía,Smartphones,21.0,InStock,1.99,Móviles y smartphones,0190198792662,1433033,"Móvil - Apple iPhone Xs, 256 GB, 5.8"" OLED Super Retina HD, A12 Bionic, Dual Cam 12+12 MP, Oro",1314.0
APPLE,Informática y telefonía,Smartphones,21.0,InStock,1.99,Móviles y smartphones,0190198775252,1433024,"Móvil - Apple iPhone XR, 256 GB, Liquid Retina HD 6.1”, A12 Bionic, 12 MP f/1.8 HDR 4K, IP67, Rojo",1029.0
SAMSUNG,Informática y telefonía,Smartphones,21.0,InStock,1.99,Móviles y smartphones,8801643195069,1398566,"Móvil - Samsung Galaxy S9, 5.8"", Curva Super AMOLED, Octa-Core, 64 GB, 4 GB RAM, 12 MP +",729.0
APPLE,Informática y telefonía,Smartphones,21.0,InStock,1.99,Móviles y smartphones,0190198773227,1433018,"Móvil - Apple iPhone XR, 128 GB, Liquid Retina HD 6.1”, A12 Bionic, 12 MP f/1.8 HDR, 4K, IP67, Rojo",919.0
APPLE,Informática y telefonía,Smartphones,21.0,InStock,1.99,Móviles y smartphones,0190198774248,1433021,"Móvil - Apple iPhone XR, 128 GB, Liquid Retina HD 6.1”, A12 Bionic, 12 MP f/1.8 HDR, 4K, IP67, Azul",919.0
ALCATEL,Informática y telefonía,Smartphones,21.0,InStock,1.99,Móviles y smartphones,4894461762883,1418108,"Móvil - Alcatel 1X, 5.3"", Mediatek MT6739, RAM 2 GB, Capacidad 16 GB, 13 MP + 8 MP, Vídeos Full",109.99
OPPO,Informática y telefonía,Smartphones,21.0,InStock,1.99,Móviles y smartphones,6944284628793,1426487,"R15 PRO 6,28P/4G/DS/8N/128GB/R",549.0
APPLE,Informática y telefonía,Smartphones,21.0,InStock,1.99,Móviles y smartphones,0190198774910,1433023,"Móvil - Apple iPhone XR, 256 GB, Liquid Retina HD 6.1”, A12 Bionic, 12 MP f/1.8 HDR 4K, IP67, Blanco",1014.0
ZTE,Informática y telefonía,Smartphones,21.0,InStock,1.99,Móviles y smartphones,6902176018268,1366588,"Smartphone - ZTE Blade A910, 5.5"", MTK6735, 16 GB, 13 MP + 8 MP, Red 4G, Dual SIM, Gris",159.0
HUAWEI,Informática y telefonía,Smartphones,21.0,InStock,1.99,Móviles y smartphones,6901443262373,1434214,"Móvil - Huawei Mate 20, 6.53"", 4 GB RAM, 128 GB, Azul",799.0
SONY,Informática y telefonía,Smartphones,21.0,InStock,1.99,Móviles y smartphones,7311271623649,1431112,"Móvil - Sony Xperia XA2 Plus, 6"" Full HD+, 4 GB RAM, 32 GB, 23 MP, Vídeo 4K, Verde",399.0
SAMSUNG,Informática y telefonía,Smartphones,21.0,InStock,1.99,Móviles y smartphones,8801643512873,1433241,"Móvil - Samsung Galaxy A7, 4G, 64 GB, Octa Core 2.2 GHz, Dorado",349.0
LG ELECTRONICS,Informática y telefonía,Smartphones,21.0,InStock,1.99,Móviles y smartphones,8806087032055,1422407,K11 5.3P/4G/8N/16GB/GD,159.0
MOTOROLA,Informática y telefonía,Smartphones,21.0,InStock,1.99,Móviles y smartphones,6947681555358,1375396,"Móvil - Motorola Moto Z2 Play, 5.5"", Full HD, Qualcomm Snapdragon 626, 4GB RAM, 64 GB, Cámara",433.0
APPLE,Informática y telefonía,Smartphones,21.0,InStock,1.99,Móviles y smartphones,0190198454140,1376799,"Móvil - Apple iPhone 8 Plus, 5.5"" Full HD, Cámara 12MPx + 7MPx, 64 GB, Gris espacial",770.0
HUAWEI,Informática y telefonía,Smartphones,21.0,InStock,1.99,Móviles y smartphones,6901443265688,1434221,"Móvil - Huawei Mate 20 Pro, 6.39”, AMOLED, 6GB RAM, 128 GB, Kirin 980, Triple cam: 40+20+8 MP, Verde",1049.0
APPLE,Informática y telefonía,Smartphones,21.0,InStock,1.99,Móviles y smartphones,0190198771520,1433012,"Móvil - Apple iPhone XR, 64GB, Liquid Retina HD 6.1”, A12 Bionic, 12MP f/1.8 HDR, 4K, IP67, Amarillo",859.0
APPLE,Informática y telefonía,Smartphones,21.0,InStock,1.99,Móviles y smartphones,0190198771520,1433012,"Móvil - Apple iPhone XR, 64GB, Liquid Retina HD 6.1”, A12 Bionic, 12MP f/1.8 HDR, 4K, IP67, Amarillo",859.0
BLU,Informática y telefonía,Smartphones,21.0,InStock,1.99,Móviles y smartphones,0848958032236,1389258,"Móvil - Blu Studio J8, 5.5"" HD, 2GB RAM, 16GB, 8+5 MPx, Negro",130.0
XIAOMI,Informática y telefonía,Smartphones,21.0,InStock,1.99,Móviles y smartphones,6941059609858,1427303,"Móvil - Xiaomi Mi A2, 5.99"", Android, 6 GB RAM, Qualcomm Snapdragon, 128 GB, Dorado",349.0
SONY,Informática y telefonía,Smartphones,21.0,InStock,1.99,Móviles y smartphones,7311271605300,1399657,"Móvil - Sony Xperia XA2 Ultra, 6"" Full HD, Snapdragon 630, 4 GB RAM, 32 GB, 23 MP, Vídeo 4K,",339.0
MOTOROLA,Informática y telefonía,Smartphones,21.0,InStock,1.99,Móviles y smartphones,0723755128880,1434014,"Móvil - Motorola One, 5.9"", HD+, 4GB RAM, Android One, 13+8 MP, 64GB ROM, Blanco",279.0
SONY,Informática y telefonía,Smartphones,21.0,InStock,1.99,Móviles y smartphones,7311271597476,1380751,XPE XA1 PLUS 5.5P/4G/8N/32GB/GD,229.0
SAMSUNG,Informática y telefonía,Smartphones,21.0,InStock,1.99,Móviles y smartphones,8806088180274,1315316,"Móvil - Samsung Galaxy S7 Edge, 5.5"", QHD, Super AMOLED, Octa-Core, 4 GB RAM, 32 GB, Oro",719.0
HUAWEI,Informática y telefonía,Smartphones,21.0,InStock,1.99,Móviles y smartphones,6901443262366,1434213,"Móvil - Huawei Mate 20, 6.53"", 4 GB RAM, 128 GB, Negro",799.0
APPLE,Informática y telefonía,Smartphones,21.0,InStock,1.99,Móviles y smartphones,0190198773562,1433019,"Móvil - Apple iPhone XR, 128GB, Liquid Retina HD 6.1”, A12 Bionic, 12MP f/1.8 HDR 4K, IP67, Amarillo",904.0
SAMSUNG,Informática y telefonía,Smartphones,21.0,InStock,1.99,Móviles y smartphones,8801643374259,1422263,GALS9 PLUS 6.2P/4G/8N/64GB/GD,829.0
HONOR,Informática y telefonía,Smartphones,21.0,InStock,1.99,Móviles y smartphones,6901443249701,1435971,"Móvil - Honor 7A Premium, 5.7"", 4G, 8N, 32 GB, Octa Core, Negro",159.0
BQ,Informática y telefonía,Smartphones,21.0,InStock,1.99,Móviles y smartphones,2000014367500,1436750,"Móvil - BQ Aquaris X2 Pro, 5.65"", Full HD+, Snapdragon 660, 4 GB RAM, 64 GB, 12 MP + 5 MP, Blanco",349.0
LG ELECTRONICS,Informática y telefonía,Smartphones,21.0,InStock,1.99,Móviles y smartphones,8806087028966,1389218,V30 6P/4G/8N/64GB/BL,699.0
ALCATEL,Informática y telefonía,Smartphones,21.0,InStock,1.99,Móviles y smartphones,4894461752808,1418095,"Móvil - Alcatel 5, Pantalla 5.7"" HD+, Octa Core, RAM 3 GB, Capacidad 32 GB, Camara Selfie Dual 16",199.0
ALCATEL,Informática y telefonía,Smartphones,21.0,InStock,1.99,Móviles y smartphones,4894461753317,1418093,"Móvil - Alcatel 3V, Pantalla 6"" 2K, Quad Core, RAM 2 GB, Capacidad 16 GB, Camara Dual 16 MP + 2",180.0
ZTE,Informática y telefonía,Smartphones,21.0,InStock,1.99,Móviles y smartphones,6902176002717,1345447,"ZTE Móvil - ZTE Axon 7 Mini, 32GB, 4G, Pantalla 5.2"" FHD, Dual Sim, 8N, Dorado",199.0
ALCATEL,Informática y telefonía,Smartphones,21.0,InStock,1.99,Móviles y smartphones,4894461753324,1418110,"Móvil - Alcatel 3V, Pantalla 6"" 2K, Quad Core, RAM 2 GB, Capacidad 16 GB, Camara Dual 16 MP + 2",179.99
SONY,Informática y telefonía,Smartphones,21.0,InStock,1.99,Móviles y smartphones,7311271623632,1431111,"Móvil - Sony Xperia XA2 Plus, 6"" Full HD+, 4 GB RAM, 32 GB, 23 MP, Vídeo 4K, Plata",399.0
APPLE,Informática y telefonía,Smartphones,21.0,InStock,1.99,Móviles y smartphones,0190198776273,1433027,"Móvil - Apple iPhone XR, 256 GB, Liquid Retina HD 6.1”, A12 Bionic, 12 MP f/1.8 HDR 4K, IP67, Azul",1029.0
ALCATEL,Informática y telefonía,Smartphones,21.0,InStock,1.99,Móviles y smartphones,4894461372105,1345132,"Móvil - Alcatel POP 4S, 5.5 pulgadas, Dual Sim, red 4G, 16 GB, Gris",159.0
ZTE,Informática y telefonía,Smartphones,21.0,InStock,1.99,Móviles y smartphones,6902176014048,1348202,"Móvil - ZTE A610 Plus, 5.5 pulgadas FHD, 4G, 8 núcleos, 32GB, Cámara 13 MP, Plateado",239.0
APPLE,Informática y telefonía,Smartphones,21.0,InStock,1.99,Móviles y smartphones,0190198775597,1433025,"Móvil - Apple iPhone XR, 256GB, Liquid Retina HD 6.1”, A12 Bionic, 12MP f/1.8 HDR 4K, IP67, Amarillo",1014.0
SONY,Informática y telefonía,Smartphones,21.0,InStock,1.99,Móviles y smartphones,7311271623625,1431113,"Móvil - Sony Xperia XA2 Plus, 6"" Full HD+, 4 GB RAM, 32 GB, 23 MP, Vídeo 4K, Negro",399.0
HONOR,Informática y telefonía,Smartphones,21.0,InStock,1.99,Móviles y smartphones,6901443210909,1397098,"Móvil - Honor 9 Lite, 5.65"", 32GB, 4 cámaras, 13 + 2 MP, RAM 3GB, Pantalla infinita Full HD+,",199.0
SONY,Informática y telefonía,Smartphones,21.0,InStock,1.99,Móviles y smartphones,7311271594055,1373865,"Móvil - Sony Xperia XA1, 5"" HD, Dual Sim, Cámara 23 MPx, 3 GB RAM, 32 GB, Mediatek Helio P20, Negro",199.0
APPLE,Informática y telefonía,Smartphones,21.0,InStock,1.99,Móviles y smartphones,0190198071644,1340042,"Móvil - iPhone 7 de 256GB con red 4G LTE, pantalla Retina HD de 4.7"" y cámara gran angular de 12",841.0
MOTOROLA,Informática y telefonía,Smartphones,21.0,InStock,1.99,Móviles y smartphones,6947681555341,1375395,"Móvil - Motorola Moto Z2 Play, 5.5"", Full HD, Qualcomm Snapdragon 626, 4GB RAM, 64 GB, Cámara",450.0
ZTE,Informática y telefonía,Smartphones,21.0,InStock,1.99,Móviles y smartphones,6902176022456,1373578,"Móvil - ZTE Blade A6, 5.2 Pulgadas, 2 GB RAM, 16 GB, Dorado",169.0
MEIZU,Campañas y ofertas,,21.0,InStock,1.99,Oportunidades,6937520019585,1362431,"Móvil - Meizu MX6, red 4G, Dual Sim, 32 GB, Dorado",294.0
LG ELECTRONICS,Informática y telefonía,Smartphones,21.0,InStock,1.99,Móviles y smartphones,8806087030150,1397251,"Móvil - LG V30, 6"" OLED FullVision QHD+, 64 GB, Cámara dual 16MP y 13MP, 3300 mAh, Rosa",699.0
APPLE,Informática y telefonía,Smartphones,21.0,InStock,1.99,Móviles y smartphones,0190198070562,1340024,"Móvil - iPhone 7 de 256GB con red 4G LTE, pantalla Retina HD de 4.7"" y cámara gran angular de 12",841.0
APPLE,Informática y telefonía,Smartphones,21.0,InStock,1.99,Móviles y smartphones,0190198775931,1433026,"Móvil - Apple iPhone XR, 256 GB, Liquid Retina HD 6.1”, A12 Bionic, 12 MP f/1.8 HDR 4K, IP67, Coral",1014.0
HONOR,Campañas y ofertas,,21.0,InStock,1.99,Oportunidades,2000014307407,1430740,"Móvil- Honor 6x Premium 51091DQN, Octa-core, Dual Sim, 4G RAM, 64 GB, 5.5 pulgadas, O",326.0
LG ELECTRONICS,Informática y telefonía,Smartphones,21.0,InStock,1.99,Móviles y smartphones,8806087011128,1327705,"Móvil - LG K10, 5.3"", HD, 16 GB, 1.5 GB RAM, 13 MP + 5 MP, Red 4G, Dual SIM, Azul",179.0
SAMSUNG,Campañas y ofertas,,21.0,InStock,1.99,Oportunidades,2000014311480,1431148,"Móvil - Samsung A3 2017, 4.7'', Red 4G, 16 GB, 13 MP, Dorado, Reacondicionado, Produc",298.0
APPLE,Informática y telefonía,Smartphones,21.0,InStock,1.99,Móviles y smartphones,0190198070920,1340025,"Móvil - iPhone 7 de 256GB con red 4G LTE, pantalla Retina HD de 4.7"" y cámara gran an",841.0
SONY,Informática y telefonía,Smartphones,21.0,InStock,1.99,Móviles y smartphones,7311271613459,1401406,"Móvil - Sony Xperia XZ2, 5.7"", Full HD+, 4K, HDR, Snapdragon 845, 4 GB RAM, 64 GB, 19 MP",599.0
SAMSUNG,Campañas y ofertas,,21.0,InStock,1.99,Oportunidades,2000014311541,1431154,"Móvil - Samsung A3 2017, 4.7'', Red 4G, 16 GB, 13 MP, Rosa, Reacondicionado, Producto",298.0
BLU,Informática y telefonía,Smartphones,21.0,InStock,1.99,Móviles y smartphones,0848958032243,1389259,"Móvil - Blu Studio J8, 5.5"" HD, 2GB RAM, 16GB, 8+5 MPx, Dorado",130.0
MOTOROLA,Informática y telefonía,Smartphones,21.0,InStock,1.99,Móviles y smartphones,0723755127661,1432411,"Pack: Móvil - Motorola Moto Z3 Play, 6"", FULL HD+, 4G + Batería -  Moto Mod Power Pack de 2220 mAh",499.0
BLU,Informática y telefonía,Smartphones,21.0,InStock,1.99,Móviles y smartphones,7899690003803,1389264,"Móvil - Blu Vivo 5R, 5.5"" Full HD, Red 4G, 3 GB RAM, 32GB, 13Mpx+8Mpx, Gris",209.0
SONY,Informática y telefonía,Smartphones,21.0,InStock,1.99,Móviles y smartphones,7311271622482,1431109,"Móvil - Sony Xperia XZ3, 6"", Full HD+, 4 GB RAM, 64 GB, 19 MP + 13 MP, Plata",799.0
BLU,Informática y telefonía,Smartphones,21.0,InStock,1.99,Móviles y smartphones,0848958032182,1389251,"Móvil - Blu GRAND XL LTE, rosa, pantalla 5.5"" HD, Dual SIM, 4G, Quad Core, 16GB, cámara 13 MP",149.0
BLU,Informática y telefonía,Smartphones,21.0,InStock,1.99,Móviles y smartphones,0848958032175,1389250,"Móvil - Blu GRAND XL LTE, dorado, pantalla 5.5"" HD, Dual SIM, 4G, Quad Core, 16GB, cámara 13 MP",149.0
BLU,Informática y telefonía,Smartphones,21.0,InStock,1.99,Móviles y smartphones,0848958032199,1389252,"Móvil - Blu GRAND XL LTE, plateado, pantalla 5.5"" HD, Dual SIM, 4G, Quad Core, 16GB, cámara 13 MP",149.0
XIAOMI,Informática y telefonía,Smartphones,21.0,InStock,1.99,Móviles y smartphones,8436575530925,1427242,"Móvil - Xiaomi Mi Mix 2S, 5.99"" Full HD, 4G, 64 GB, 6 GB RAM, 12MP + 5MP, Negro",479.0
OPPO,Informática y telefonía,Smartphones,21.0,InStock,1.99,Móviles y smartphones,6944284630567,1434178,"Móvil - Oppo Find X, 6.4"" FullHD+, 4G, 8 GB RAM, 256 GB, Qualcomm Snapdragon 845, 25 mp, Azul",999.0
BLU,Informática y telefonía,Smartphones,21.0,InStock,1.99,Móviles y smartphones,7899690003902,1389267,"Móvil - Blu Vivo XL 2, 5.5"" HD, Red 4G, 3 GB RAM, 32GB, 13Mpx+8Mpx, Oro",179.0
BLU,Informática y telefonía,Smartphones,21.0,InStock,1.99,Móviles y smartphones,7899690003896,1389266,"Móvil - Blu Vivo XL 2, 5.5"" HD, Red 4G, 3 GB RAM, 32GB, 13Mpx+8Mpx, Azul",179.0
SAMSUNG,Informática y telefonía,Smartphones,21.0,InStock,1.99,Móviles y smartphones,8806088296166,1325765,"Móvil - Samsung Galaxy S7 Edge, 5.5"", QHD, Super AMOLED, Octa-Core, 4 GB RAM, 32 GB, 12",719.0
BLU,Informática y telefonía,Smartphones,21.0,InStock,1.99,Móviles y smartphones,7899690003728,1389265,"Móvil - Blu Vivo 5R, 5.5"" Full HD, Red 4G, 3 GB RAM, 32GB, 13Mpx+8Mpx, Oro",209.0
BQ,Informática y telefonía,Smartphones,21.0,InStock,1.99,Móviles y smartphones,8435439899680,1378855,AQ.V PLUS (3+32) 5.5P/DS/4G/8N/32GB/B,199.0
LG ELECTRONICS,Informática y telefonía,Smartphones,21.0,InStock,1.99,Móviles y smartphones,8806087021301,1360879,"Móvil - LG G6, Pantalla 5.7"" QHD+, Cámara 13 MP Dual, 4 GB RAM, Memoria de 32 GB, Plateado",399.0
APPLE,Informática y telefonía,Smartphones,21.0,InStock,1.99,Móviles y smartphones,0190198793676,1433037,"Móvil - Apple iPhone Xs, 512 GB, 5.8"" OLED Super Retina HD, A12 Bionic, Dual Cam 12+12 MP, Oro",1544.0
APPLE,Informática y telefonía,Smartphones,21.0,InStock,1.99,Móviles y smartphones,0190198793331,1433035,"Móvil - Apple iPhone Xs, 512 GB, 5.8"" OLED Super Retina HD, A12 Bionic, Dual Cam 12+12 MP, Plata",1544.0
NOKIA,Informática y telefonía,Smartphones,21.0,InStock,1.99,Móviles y smartphones,6438409007636,1379207,"Móvil - Nokia 8, 5.3"" Quad HD, IPS, 4 GB RAM, Memoria 64 GB, 13+13 MP, Plata",499.0
SONY,Informática y telefonía,Smartphones,21.0,InStock,1.99,Móviles y smartphones,7311271587859,1362896,"Móvil - Sony XPERIA L1, 5.5"", Red 4G, 4 núcleos, Capacidad 16GB, Cámara de 13 MP, Negro",149.0
APPLE,Informática y telefonía,Smartphones,21.0,InStock,1.99,Móviles y smartphones,0190198773906,1433020,"Móvil - Apple iPhone XR, 128 GB, Liquid Retina HD 6.1”, A12 Bionic, 12 MP f/1.8 HDR, 4K, IP67, Coral",919.0
OPPO,Informática y telefonía,Smartphones,21.0,InStock,1.99,Móviles y smartphones,6944284630673,1435631,FIND X LAMBORGHINI 6.4P/4G/8N/512/B,1699.0
